{"accuracy": [0.6169998049736023, 0.8613272905349731, 0.9153851866722107, 0.9424710273742676, 0.9553169012069702, 0.9672949910163879, 0.9719183444976807, 0.9763283133506775, 0.979898989200592, 0.981961727142334], "loss": [1.2873408794403076, 0.43086007237434387, 0.26145488023757935, 0.178189218044281, 0.13580811023712158, 0.10007604211568832, 0.0843343585729599, 0.07160366326570511, 0.060989513993263245, 0.057071834802627563], "val_accuracy": [0.8521511554718018, 0.9157751202583313, 0.9333029985427856, 0.9459367394447327, 0.960050106048584, 0.9606760740280151, 0.9627817273139954, 0.9628385901451111, 0.956407904624939, 0.9636922478675842], "val_loss": [0.4790887236595154, 0.26154011487960815, 0.20430174469947815, 0.17399491369724274, 0.12509626150131226, 0.1311323195695877, 0.121401846408844, 0.11989060789346695, 0.15398535132408142, 0.12451337277889252]}