{"accuracy": [0.5573796033859253, 0.8447400331497192, 0.9111743569374084, 0.9365246295928955, 0.9551746249198914, 0.9636104702949524, 0.9709083437919617, 0.9756170511245728, 0.9787182807922363, 0.9817199110984802], "loss": [1.5106018781661987, 0.4878540337085724, 0.2764022946357727, 0.19221723079681396, 0.13700149953365326, 0.11206387728452682, 0.09134424477815628, 0.07474959641695023, 0.06528767198324203, 0.0552075132727623], "val_accuracy": [0.8227293491363525, 0.8994991779327393, 0.9031982421875, 0.9478716254234314, 0.9286364912986755, 0.948554515838623, 0.9544160962104797, 0.9618142247200012, 0.9586842656135559, 0.970919668674469], "val_loss": [0.5552581548690796, 0.3117753267288208, 0.3055339455604553, 0.15747542679309845, 0.2316816747188568, 0.16366428136825562, 0.14730171859264374, 0.12783052027225494, 0.13788197934627533, 0.0966770201921463]}