{"accuracy": [0.6074685454368591, 0.8619674444198608, 0.9155985713005066, 0.9414467811584473, 0.9560708403587341, 0.965118408203125, 0.9730706214904785, 0.976385235786438, 0.9795860052108765, 0.982545018196106], "loss": [1.3296104669570923, 0.4336656332015991, 0.2601967453956604, 0.18039774894714355, 0.13099056482315063, 0.10597120225429535, 0.08197209239006042, 0.07122145593166351, 0.06269742548465729, 0.056069307029247284], "val_accuracy": [0.828477144241333, 0.9129865765571594, 0.9168563485145569, 0.9537901282310486, 0.9587411880493164, 0.9606191515922546, 0.9580013751983643, 0.9595947861671448, 0.9519121050834656, 0.9619280695915222], "val_loss": [0.5410743355751038, 0.27374041080474854, 0.26233670115470886, 0.14673560857772827, 0.12820005416870117, 0.12928445637226105, 0.1309574395418167, 0.12820184230804443, 0.1597364991903305, 0.13045184314250946]}